Material,Weight(kg),Wall(mm),Old T(s),New T(s),Diff(s),Diff%,Ratio
灰铁(HT),10,5,3.5445,3.8798,0.3353,9.46,1.0946
灰铁(HT),10,10,3.9178,4.6384,0.7206,18.39,1.1839
灰铁(HT),10,15,4.1797,5.3970,1.2173,29.12,1.2912
灰铁(HT),10,20,4.3882,6.1556,1.7674,40.28,1.4028
灰铁(HT),10,25,4.5642,6.9142,2.3500,51.49,1.5149
灰铁(HT),10,30,4.7181,7.6728,2.9547,62.62,1.6262
灰铁(HT),10,50,5.2026,10.7072,5.5046,105.81,2.0581
灰铁(HT),20,5,4.7910,5.4868,0.6958,14.52,1.1452
灰铁(HT),20,10,5.2614,6.5596,1.2983,24.68,1.2468
灰铁(HT),20,15,5.5913,7.6325,2.0411,36.51,1.3651
灰铁(HT),20,20,5.8540,8.7053,2.8513,48.71,1.4871
灰铁(HT),20,25,6.0758,9.7781,3.7023,60.93,1.6093
灰铁(HT),20,30,6.2697,10.8509,4.5812,73.07,1.7307
灰铁(HT),20,50,6.8801,15.1422,8.2621,120.09,2.2009
灰铁(HT),50,5,7.1701,8.6754,1.5054,21.00,1.2100
灰铁(HT),50,10,7.8084,10.3717,2.5633,32.83,1.3283
灰铁(HT),50,15,8.2562,12.0680,3.8117,46.17,1.4617
灰铁(HT),50,20,8.6127,13.7643,5.1515,59.81,1.5981
灰铁(HT),50,25,8.9138,15.4605,6.5468,73.45,1.7345
灰铁(HT),50,30,9.1769,17.1568,7.9799,86.96,1.8696
灰铁(HT),50,50,10.0054,23.9420,13.9366,139.29,2.3929
灰铁(HT),100,5,9.7611,12.2689,2.5078,25.69,1.2569
灰铁(HT),100,10,10.5654,14.6678,4.1024,38.83,1.3883
灰铁(HT),100,15,11.1296,17.0667,5.9372,53.35,1.5335
灰铁(HT),100,20,11.5787,19.4656,7.8869,68.12,1.6812
灰铁(HT),100,25,11.9580,21.8645,9.9065,82.84,1.8284
灰铁(HT),100,30,12.2896,24.2634,11.9739,97.43,1.9743
灰铁(HT),100,50,13.3333,33.8590,20.5257,153.94,2.5394
灰铁(HT),200,5,13.3268,17.3508,4.0241,30.20,1.3020
灰铁(HT),200,10,14.3401,20.7434,6.4033,44.65,1.4465
灰铁(HT),200,15,15.0510,24.1360,9.0850,60.36,1.6036
灰铁(HT),200,20,15.6169,27.5285,11.9117,76.27,1.7627
灰铁(HT),200,25,16.0948,30.9211,14.8263,92.12,1.9212
灰铁(HT),200,30,16.5125,34.3137,17.8012,107.80,2.0780
灰铁(HT),200,50,17.8276,47.8839,30.0563,168.59,2.6859
灰铁(HT),450,5,19.2509,26.0263,6.7754,35.20,1.3520
灰铁(HT),450,10,20.5787,31.1151,10.5364,51.20,1.5120
灰铁(HT),450,15,21.5102,36.2040,14.6938,68.31,1.6831
灰铁(HT),450,20,22.2517,41.2928,19.0411,85.57,1.8557
灰铁(HT),450,25,22.8779,46.3816,23.5037,102.74,2.0274
灰铁(HT),450,30,23.4253,51.4705,28.0452,119.72,2.1972
灰铁(HT),450,50,25.1486,71.8259,46.6773,185.61,2.8561
灰铁(HT),500,5,20.1985,8.5355,-11.6629,-57.74,0.4226
灰铁(HT),500,10,21.5738,10.2040,-11.3698,-52.70,0.4730
灰铁(HT),500,15,22.5385,11.8724,-10.6661,-47.32,0.5268
灰铁(HT),500,20,23.3066,13.5409,-9.7657,-41.90,0.5810
灰铁(HT),500,25,23.9552,15.2093,-8.7459,-36.51,0.6349
灰铁(HT),500,30,24.5221,16.8777,-7.6444,-31.17,0.6883
灰铁(HT),500,50,26.3070,23.5515,-2.7555,-10.47,0.8953
球铁(QT),10,5,3.0128,6.5775,3.5647,118.32,2.1832
球铁(QT),10,10,3.3301,8.4433,5.1132,153.54,2.5354
球铁(QT),10,15,3.5527,8.4433,4.8906,137.66,2.3766
球铁(QT),10,20,3.7299,8.4433,4.7134,126.37,2.2637
球铁(QT),10,25,3.8796,8.4433,4.5637,117.63,2.1763
球铁(QT),10,30,4.0104,9.3920,5.3816,134.19,2.3419
球铁(QT),10,50,4.4222,9.3920,4.9698,112.38,2.1238
球铁(QT),20,5,4.0724,9.3020,5.2297,128.42,2.2842
球铁(QT),20,10,4.4722,11.9406,7.4684,167.00,2.6700
球铁(QT),20,15,4.7526,11.9406,7.1880,151.24,2.5124
球铁(QT),20,20,4.9759,11.9406,6.9647,139.97,2.3997
球铁(QT),20,25,5.1644,11.9406,6.7762,131.21,2.3121
球铁(QT),20,30,5.3293,13.2822,7.9530,149.23,2.4923
球铁(QT),20,50,5.8481,13.2822,7.4341,127.12,2.2712
球铁(QT),50,5,6.0946,14.7078,8.6133,141.33,2.4133
球铁(QT),50,10,6.6372,18.8798,12.2426,184.45,2.8445
球铁(QT),50,15,7.0178,18.8798,11.8619,169.03,2.6903
球铁(QT),50,20,7.3208,18.8798,11.5589,157.89,2.5789
球铁(QT),50,25,7.5767,18.8798,11.3030,149.18,2.4918
球铁(QT),50,30,7.8004,21.0011,13.2007,169.23,2.6923
球铁(QT),50,50,8.5046,21.0011,12.4965,146.94,2.4694
球铁(QT),100,5,8.2969,20.8000,12.5031,150.70,2.5070
球铁(QT),100,10,8.9806,26.7000,17.7194,197.31,2.9731
球铁(QT),100,15,9.4601,26.7000,17.2399,182.24,2.8224
球铁(QT),100,20,9.8419,26.7000,16.8581,171.29,2.7129
球铁(QT),100,25,10.1643,26.7000,16.5357,162.68,2.6268
球铁(QT),100,30,10.4461,29.7000,19.2539,184.32,2.8432
球铁(QT),100,50,11.3333,29.7000,18.3667,162.06,2.6206
球铁(QT),200,5,11.3278,29.4156,18.0879,159.68,2.5968
球铁(QT),200,10,12.1891,37.7595,25.5704,209.78,3.0978
球铁(QT),200,15,12.7933,37.7595,24.9662,195.15,2.9515
球铁(QT),200,20,13.2743,37.7595,24.4852,184.45,2.8445
球铁(QT),200,25,13.6805,37.7595,24.0790,176.01,2.7601
球铁(QT),200,30,14.0356,42.0021,27.9665,199.25,2.9925
球铁(QT),200,50,15.1534,42.0021,26.8487,177.18,2.7718
球铁(QT),450,5,16.3632,44.1235,27.7602,169.65,2.6965
球铁(QT),450,10,17.4919,56.6393,39.1473,223.80,3.2380
球铁(QT),450,15,18.2837,56.6393,38.3556,209.78,3.0978
球铁(QT),450,20,18.9140,56.6393,37.7253,199.46,2.9946
球铁(QT),450,25,19.4462,56.6393,37.1930,191.26,2.9126
球铁(QT),450,30,19.9115,63.0032,43.0917,216.42,3.1642
球铁(QT),450,50,21.3763,63.0032,41.6269,194.73,2.9473
球铁(QT),500,5,17.1687,46.5102,29.3415,170.90,2.7090
球铁(QT),500,10,18.3377,59.7030,41.3653,225.57,3.2557
球铁(QT),500,15,19.1578,59.7030,40.5452,211.64,3.1164
球铁(QT),500,20,19.8106,59.7030,39.8924,201.37,3.0137
球铁(QT),500,25,20.3619,59.7030,39.3411,193.21,2.9321
球铁(QT),500,30,20.8438,66.4112,45.5674,218.61,3.1861
球铁(QT),500,50,22.3609,66.4112,44.0503,197.00,2.9700
铸钢(ZG),10,5,2.8356,6.4454,3.6098,127.30,2.2730
铸钢(ZG),10,10,3.1342,6.4454,3.3111,105.64,2.0564
铸钢(ZG),10,15,3.3437,6.4454,3.1016,92.76,1.9276
铸钢(ZG),10,20,3.5105,6.4454,2.9348,83.60,1.8360
铸钢(ZG),10,25,3.6514,6.4454,2.7940,76.52,1.7652
铸钢(ZG),10,30,3.7745,6.4454,2.6709,70.76,1.7076
铸钢(ZG),10,50,4.1621,6.4454,2.2833,54.86,1.5486
铸钢(ZG),20,5,3.8328,8.5829,4.7501,123.93,2.2393
铸钢(ZG),20,10,4.2091,8.5829,4.3738,103.91,2.0391
铸钢(ZG),20,15,4.4731,8.5829,4.1099,91.88,1.9188
铸钢(ZG),20,20,4.6832,8.5829,3.8997,83.27,1.8327
铸钢(ZG),20,25,4.8607,8.5829,3.7223,76.58,1.7658
铸钢(ZG),20,30,5.0158,8.5829,3.5672,71.12,1.7112
铸钢(ZG),20,50,5.5041,8.5829,3.0788,55.94,1.5594
铸钢(ZG),50,5,5.7361,12.4585,6.7224,117.20,2.1720
铸钢(ZG),50,10,6.2468,12.4585,6.2117,99.44,1.9944
铸钢(ZG),50,15,6.6050,12.4585,5.8535,88.62,1.8862
铸钢(ZG),50,20,6.8902,12.4585,5.5683,80.82,1.8082
铸钢(ZG),50,25,7.1310,12.4585,5.3275,74.71,1.7471
铸钢(ZG),50,30,7.3415,12.4585,5.1169,69.70,1.6970
铸钢(ZG),50,50,8.0043,12.4585,4.4542,55.65,1.5565
铸钢(ZG),100,5,7.8088,16.4290,8.6202,110.39,2.1039
铸钢(ZG),100,10,8.4523,16.4290,7.9767,94.37,1.9437
铸钢(ZG),100,15,8.9036,16.4290,7.5254,84.52,1.8452
铸钢(ZG),100,20,9.2630,16.4290,7.1660,77.36,1.7736
铸钢(ZG),100,25,9.5664,16.4290,6.8626,71.74,1.7174
铸钢(ZG),100,30,9.8316,16.4290,6.5974,67.10,1.6710
铸钢(ZG),100,50,10.6667,16.4290,5.7623,54.02,1.5402
铸钢(ZG),200,5,10.6614,21.5512,10.8898,102.14,2.0214
铸钢(ZG),200,10,11.4721,21.5512,10.0791,87.86,1.8786
铸钢(ZG),200,15,12.0408,21.5512,9.5105,78.99,1.7899
铸钢(ZG),200,20,12.4935,21.5512,9.0577,72.50,1.7250
铸钢(ZG),200,25,12.8758,21.5512,8.6754,67.38,1.6738
铸钢(ZG),200,30,13.2100,21.5512,8.3413,63.14,1.6314
铸钢(ZG),200,50,14.2621,21.5512,7.2892,51.11,1.5111
铸钢(ZG),450,5,15.4007,29.3736,13.9729,90.73,1.9073
铸钢(ZG),450,10,16.4630,29.3736,12.9106,78.42,1.7842
铸钢(ZG),450,15,17.2082,29.3736,12.1654,70.70,1.7070
铸钢(ZG),450,20,17.8014,29.3736,11.5722,65.01,1.6501
铸钢(ZG),450,25,18.3024,29.3736,11.0713,60.49,1.6049
铸钢(ZG),450,30,18.7403,29.3736,10.6334,56.74,1.5674
铸钢(ZG),450,50,20.1188,29.3736,9.2548,46.00,1.4600
铸钢(ZG),500,5,16.1588,30.5580,14.3993,89.11,1.8911
铸钢(ZG),500,10,17.2590,30.5580,13.2990,77.06,1.7706
铸钢(ZG),500,15,18.0308,30.5580,12.5272,69.48,1.6948
铸钢(ZG),500,20,18.6453,30.5580,11.9128,63.89,1.6389
铸钢(ZG),500,25,19.1641,30.5580,11.3939,59.45,1.5945
铸钢(ZG),500,30,19.6177,30.5580,10.9403,55.77,1.5577
铸钢(ZG),500,50,21.0456,30.5580,9.5125,45.20,1.4520
铝合金(Al),10,5,4.2534,4.2534,0.0000,0.00,1.0000
铝合金(Al),10,10,4.7014,4.7014,0.0000,0.00,1.0000
铝合金(Al),10,15,5.0156,5.0156,0.0000,0.00,1.0000
铝合金(Al),10,20,5.2658,5.2658,0.0000,0.00,1.0000
铝合金(Al),10,25,5.4770,5.4770,0.0000,0.00,1.0000
铝合金(Al),10,30,5.6617,5.6617,0.0000,0.00,1.0000
铝合金(Al),10,50,6.2431,6.2431,0.0000,0.00,1.0000
铝合金(Al),20,5,5.7492,5.7492,0.0000,0.00,1.0000
铝合金(Al),20,10,6.3137,6.3137,0.0000,0.00,1.0000
铝合金(Al),20,15,6.7096,6.7096,0.0000,0.00,1.0000
铝合金(Al),20,20,7.0248,7.0248,0.0000,0.00,1.0000
铝合金(Al),20,25,7.2910,7.2910,0.0000,0.00,1.0000
铝合金(Al),20,30,7.5236,7.5236,0.0000,0.00,1.0000
铝合金(Al),20,50,8.2561,8.2561,0.0000,0.00,1.0000
铝合金(Al),50,5,8.6041,8.6041,0.0000,0.00,1.0000
铝合金(Al),50,10,9.3701,9.3701,0.0000,0.00,1.0000
铝合金(Al),50,15,9.9075,9.9075,0.0000,0.00,1.0000
铝合金(Al),50,20,10.3353,10.3353,0.0000,0.00,1.0000
铝合金(Al),50,25,10.6965,10.6965,0.0000,0.00,1.0000
铝合金(Al),50,30,11.0123,11.0123,0.0000,0.00,1.0000
铝合金(Al),50,50,12.0065,12.0065,0.0000,0.00,1.0000
铝合金(Al),100,5,11.7133,11.7133,0.0000,0.00,1.0000
铝合金(Al),100,10,12.6784,12.6784,0.0000,0.00,1.0000
铝合金(Al),100,15,13.3555,13.3555,0.0000,0.00,1.0000
铝合金(Al),100,20,13.8945,13.8945,0.0000,0.00,1.0000
铝合金(Al),100,25,14.3496,14.3496,0.0000,0.00,1.0000
铝合金(Al),100,30,14.7475,14.7475,0.0000,0.00,1.0000
铝合金(Al),100,50,16.0000,16.0000,0.0000,0.00,1.0000
铝合金(Al),200,5,15.9921,15.9921,0.0000,0.00,1.0000
铝合金(Al),200,10,17.2082,17.2082,0.0000,0.00,1.0000
铝合金(Al),200,15,18.0612,18.0612,0.0000,0.00,1.0000
铝合金(Al),200,20,18.7403,18.7403,0.0000,0.00,1.0000
铝合金(Al),200,25,19.3137,19.3137,0.0000,0.00,1.0000
铝合金(Al),200,30,19.8150,19.8150,0.0000,0.00,1.0000
铝合金(Al),200,50,21.3931,21.3931,0.0000,0.00,1.0000
铝合金(Al),450,5,23.1010,23.1010,0.0000,0.00,1.0000
铝合金(Al),450,10,24.6945,24.6945,0.0000,0.00,1.0000
铝合金(Al),450,15,25.8122,25.8122,0.0000,0.00,1.0000
铝合金(Al),450,20,26.7021,26.7021,0.0000,0.00,1.0000
铝合金(Al),450,25,27.4535,27.4535,0.0000,0.00,1.0000
铝合金(Al),450,30,28.1104,28.1104,0.0000,0.00,1.0000
铝合金(Al),450,50,30.1783,30.1783,0.0000,0.00,1.0000
铝合金(Al),500,5,24.2381,24.2381,0.0000,0.00,1.0000
铝合金(Al),500,10,25.8885,25.8885,0.0000,0.00,1.0000
铝合金(Al),500,15,27.0463,27.0463,0.0000,0.00,1.0000
铝合金(Al),500,20,27.9679,27.9679,0.0000,0.00,1.0000
铝合金(Al),500,25,28.7462,28.7462,0.0000,0.00,1.0000
铝合金(Al),500,30,29.4265,29.4265,0.0000,0.00,1.0000
铝合金(Al),500,50,31.5684,31.5684,0.0000,0.00,1.0000
铜合金(Cu),10,5,3.1900,3.1900,0.0000,0.00,1.0000
铜合金(Cu),10,10,3.5260,3.5260,0.0000,0.00,1.0000
铜合金(Cu),10,15,3.7617,3.7617,0.0000,0.00,1.0000
铜合金(Cu),10,20,3.9493,3.9493,0.0000,0.00,1.0000
铜合金(Cu),10,25,4.1078,4.1078,0.0000,0.00,1.0000
铜合金(Cu),10,30,4.2463,4.2463,0.0000,0.00,1.0000
铜合金(Cu),10,50,4.6823,4.6823,0.0000,0.00,1.0000
铜合金(Cu),20,5,4.3119,4.3119,0.0000,0.00,1.0000
铜合金(Cu),20,10,4.7353,4.7353,0.0000,0.00,1.0000
铜合金(Cu),20,15,5.0322,5.0322,0.0000,0.00,1.0000
铜合金(Cu),20,20,5.2686,5.2686,0.0000,0.00,1.0000
铜合金(Cu),20,25,5.4682,5.4682,0.0000,0.00,1.0000
铜合金(Cu),20,30,5.6427,5.6427,0.0000,0.00,1.0000
铜合金(Cu),20,50,6.1921,6.1921,0.0000,0.00,1.0000
铜合金(Cu),50,5,6.4531,6.4531,0.0000,0.00,1.0000
铜合金(Cu),50,10,7.0276,7.0276,0.0000,0.00,1.0000
铜合金(Cu),50,15,7.4306,7.4306,0.0000,0.00,1.0000
铜合金(Cu),50,20,7.7515,7.7515,0.0000,0.00,1.0000
铜合金(Cu),50,25,8.0224,8.0224,0.0000,0.00,1.0000
铜合金(Cu),50,30,8.2592,8.2592,0.0000,0.00,1.0000
铜合金(Cu),50,50,9.0048,9.0048,0.0000,0.00,1.0000
铜合金(Cu),100,5,8.7850,8.7850,0.0000,0.00,1.0000
铜合金(Cu),100,10,9.5088,9.5088,0.0000,0.00,1.0000
铜合金(Cu),100,15,10.0166,10.0166,0.0000,0.00,1.0000
铜合金(Cu),100,20,10.4208,10.4208,0.0000,0.00,1.0000
铜合金(Cu),100,25,10.7622,10.7622,0.0000,0.00,1.0000
铜合金(Cu),100,30,11.0606,11.0606,0.0000,0.00,1.0000
铜合金(Cu),100,50,12.0000,12.0000,0.0000,0.00,1.0000
铜合金(Cu),200,5,11.9941,11.9941,0.0000,0.00,1.0000
铜合金(Cu),200,10,12.9061,12.9061,0.0000,0.00,1.0000
铜合金(Cu),200,15,13.5459,13.5459,0.0000,0.00,1.0000
铜合金(Cu),200,20,14.0552,14.0552,0.0000,0.00,1.0000
铜合金(Cu),200,25,14.4853,14.4853,0.0000,0.00,1.0000
铜合金(Cu),200,30,14.8612,14.8612,0.0000,0.00,1.0000
铜合金(Cu),200,50,16.0448,16.0448,0.0000,0.00,1.0000
铜合金(Cu),450,5,17.3258,17.3258,0.0000,0.00,1.0000
铜合金(Cu),450,10,18.5209,18.5209,0.0000,0.00,1.0000
铜合金(Cu),450,15,19.3592,19.3592,0.0000,0.00,1.0000
铜合金(Cu),450,20,20.0266,20.0266,0.0000,0.00,1.0000
铜合金(Cu),450,25,20.5901,20.5901,0.0000,0.00,1.0000
铜合金(Cu),450,30,21.0828,21.0828,0.0000,0.00,1.0000
铜合金(Cu),450,50,22.6337,22.6337,0.0000,0.00,1.0000
铜合金(Cu),500,5,18.1786,18.1786,0.0000,0.00,1.0000
铜合金(Cu),500,10,19.4164,19.4164,0.0000,0.00,1.0000
铜合金(Cu),500,15,20.2847,20.2847,0.0000,0.00,1.0000
铜合金(Cu),500,20,20.9759,20.9759,0.0000,0.00,1.0000
铜合金(Cu),500,25,21.5597,21.5597,0.0000,0.00,1.0000
铜合金(Cu),500,30,22.0699,22.0699,0.0000,0.00,1.0000
铜合金(Cu),500,50,23.6763,23.6763,0.0000,0.00,1.0000